{
    "best_rmse": 7.039273929148081,
    "n_trials_run": 20,
    "best_params": {
        "n_layers": 3,
        "n_units_l0": 40,
        "n_units_l1": 108,
        "n_units_l2": 22,
        "dropout": 0.003655700228816121,
        "lr": 0.0010376001021203305
    }
}